iter	RMSE
0	965.7816147
50	728.875227
100	692.8959476
150	667.8793493
200	644.8343814
250	624.5265279
300	607.0896869
350	589.831011
400	573.3403658
450	559.2218552
499	545.4702756
